PRAGMA foreign_keys = ON;

INSERT INTO Player (IdPlayer, Username, Email, Hashed_Password) VALUES
(1, 'PeterPan1', 'peter1pan@gmail.com', 'QWrfwqrqwd'),
(2, 'EdwardGamer1', 'edwardg1@gmail.com', 'powOiwndN'),
(3, 'JamesWeston88', 'jwest88@gmail.com', 'po1NWISNN'),
(4, 'HannahB32', 'ab2345_@gmail.com', 'PEndqoir134@'),
(5, 'XicoFrancis22', 'franciscodpfsousa@hotmail.com', 'QP_.3123cG'),
(6, 'MopinsP1', 'eduamope221@gmail.com', 'qowiej23WW'),
(7, 'Pruenca13', 'pruencaiscool1@gmail.com', 'Po21PQWEda'),
(8, 'user1', 'user1@hotmail.com', 'Plufu#'),
(9, 'Darkguest', 'darkgues@gmail.com', 'LPnjads'),
(10, 'LunaStar42', 'lunastar@gmail.com', 'qwP12uZq!'),
(11, 'MaxGamer99', 'max99@gmail.com', 'pOwN3245!'),
(12, 'EllaJoy', 'joyella@outlook.com', 'PaSSW0rd#'),
(13, 'KaiThePlayer', 'kaiplayer@gmail.com', 'qweR!@34p'),
(14, 'SarahKnight', 'sknight@example.com', 'mYpaSS123'),
(15, 'AlexHenderson', 'alexh@example.com', 'Pass123!'),
(16, 'Emily_Cool', 'emilyc@example.com', 'coolEm123#'),
(17, 'JohnDoe77', 'johndoe@example.com', 'JD_!33Pa'),
(18, 'BellaLuna', 'bellaluna@example.com', 'B3ll@123'),
(19, 'ChrisGaming', 'chrisg@example.com', 'Gamer!987'),
(20, 'SophiaSmith', 'sophias@example.com', 'Pa$$w0rd'),
(21, 'NinjaPlayer88', 'ninja88@example.com', 'N1nj@Pl4yer'),
(22, 'GamingWizard77', 'wizard77@example.com', 'WizG@ming!'),
(23, 'FrostByte22', 'frosty22@example.com', 'Fr0stB@te#'),
(24, 'RubyGamer', 'rubygamer@example.com', 'RuBy!2023'),
(25, 'ZephyrGamer', 'zephyrgamer@example.com', 'Z3phyr#G@m3r'),
(26, 'EpicPlayer123', 'epicplayer123@example.com', '3p!cPl@y3r'),
(27, 'SamuraiGamer', 'samurai@example.com', 'S@mUr@!123'),
(28, 'MysticPlayer', 'mysticplayer@example.com', 'My5t1cP@ss'),
(29, 'ThunderGamer', 'thundergamer@example.com', 'Thund3rG@m3r'),
(30, 'AceGamer1', 'acegamer1@example.com', 'Ace!23G@m3r');


INSERT INTO Inventory (IdInventory, Max_Cap) VALUES
(1, 200),
(2, 100),
(3, 125),
(4, 170),
(5, 135),
(6, 185),
(7, 200),
(8, 120),
(9, 150),
(10, 152),
(11, 105),
(12, 150),
(13, 300),
(14, 500),
(15, 250),
(16, 180),
(17, 300),
(18, 210),
(19, 190),
(20, 220),
(21, 260),
(22, 175),
(23, 240),
(24, 270),
(25, 195),
(26, 225),
(27, 205),
(28, 280),
(29, 255),
(30, 235),
(31, 290),
(32, 215),
(33, 200),
(34, 265),
(35, 225),
(36, 245),
(37, 300);

INSERT INTO Types (IdType, Type_Name, Ability) VALUES
(1, 'Paladin', 'Healers will heal 25% more.'),
(2, 'Mage', 'Magical abilities deal 15% true damage.'),
(3, 'Fiend', 'Abiity to pick locks.'),
(4, 'Warlock', 'Gain 30% more xp when killing monsters.'),
(5, 'Priest', 'Immune to confused.'),
(6, 'Barbarian', 'Deal 30% more damage with slashing and blunt types.'),
(7, 'Druid', 'Friendly mob presence provides 10% hp boost.'),
(8, 'Ranger', 'Deals 10% more damage with ranged non-magical weapons.');

INSERT INTO Characters (IdCharacter, IdPlayer, IdType, IdInventory, Character_Name, HP, XP, Gold, Status_Effect) VALUES
(1, 1, 1, 1, 'Garen', 150, 25, 560, 'FINE'),
(2, 2, 2, 2, 'Feron', 100, 22, 890, 'CONFUSED'),
(3, 3, 5, 3, 'Henry', 125, 24, 200, 'FINE'),
(4, 3, 6, 4, 'Gote', 170, 26, 40, 'BURNED'),
(5, 4, 8, 5, 'Arrowhead', 100, 13, 240, 'FINE'),
(6, 5, 4, 6, 'Poko', 85, 10, 670, 'POISONED'),
(7, 6, 3, 7, 'Yaru', 120, 29, 900, 'FINE'),
(8, 6, 2, 8, 'Dumbledore', 95, 8, 110, 'FINE'),
(9, 7, 7, 9, 'Loros', 150, 31, 1007, 'STUNNED'),
(10, 8, 3, 10, 'Aldric', 110, 18, 400, 'FINE'),
(11, 9, 5, 11, 'Serena', 135, 27, 750, 'BURNED'),
(12, 10, 1, 12, 'Aria', 155, 30, 890, 'FINE'),
(13, 11, 2, 13, 'Zane', 90, 11, 300, 'CONFUSED'),
(14, 12, 6, 14, 'Thorne', 120, 23, 600, 'POISONED'),
(15, 13, 7, 15, 'Felix', 165, 25, 420, 'FINE'),
(16, 14, 8, 16, 'Evelyn', 95, 16, 150, 'BURNED'),
(17, 15, 4, 17, 'Luna', 80, 9, 800, 'FINE'),
(18, 16, 3, 18, 'Nyx', 115, 20, 350, 'FINE'),
(19, 17, 7, 19, 'Kieran', 140, 28, 980, 'STUNNED'),
(20, 18, 2, 20, 'Elias', 100, 14, 270, 'POISONED'),
(21, 19, 1, 21, 'Eleanor', 145, 24, 590, 'FINE'),
(22, 20, 5, 22, 'Elijah', 105, 17, 300, 'FINE'),
(23, 21, 6, 23, 'Gwyneth', 130, 29, 700, 'POISONED'),
(24, 22, 8, 24, 'Phoenix', 85, 12, 400, 'FINE'),
(25, 23, 4, 25, 'Aurora', 120, 26, 800, 'FINE'),
(26, 24, 2, 26, 'Levi', 95, 16, 200, 'CONFUSED'),
(27, 25, 6, 27, 'Selene', 150, 32, 900, 'FINE'),
(28, 26, 7, 28, 'Rowan', 80, 9, 150, 'FINE'),
(29, 27, 1, 29, 'Cassandra', 105, 20, 500, 'POISONED'),
(30, 28, 3, 30, 'Calista', 125, 22, 420, 'BURNED'),
(31, 1, 5, 31, 'Tristan', 100, 15, 270, 'CONFUSED'),
(32, 29, 8, 32, 'Isolde', 90, 12, 400, 'FINE'),
(33, 3, 2, 33, 'Merlin', 120, 26, 800, 'FINE'),
(34, 4, 1, 34, 'Morgana', 95, 17, 200, 'CONFUSED'),
(35, 5, 3, 35, 'Arthur', 150, 32, 900, 'FINE'),
(36, 6, 6, 36, 'Guinevere', 80, 9, 150, 'FINE'),
(37, 30, 7, 37, 'Lancelot', 105, 20, 500, 'POISONED');

INSERT INTO World (IdWorld, World_Name, Region, Environment, IdCharacter) VALUES 
(1, 'Emerald Forest', 'Northern Realm', 'Forest', 1),
(2, 'Crystal Lake', 'Eastern Valley', 'Lake', 2),
(3, 'Shadow Mountains', 'Western Highlands', 'Mountain', 37),
(4, 'Mystic Desert', 'Southern Sands', 'Desert', 3),
(5, 'Frozen Wasteland', 'Arctic Zone', 'Tundra', 9),
(6, 'Sunken City', 'Underwater Depths', 'Aquatic', 20),
(7, 'Sky Isles', 'Celestial Region', 'Floating Islands', 8),
(8, 'Volcanic Fields', 'Central Core', 'Volcanic', 18),
(9, 'Ancient Ruins', 'Historic Lands', 'Ruins', 12),
(10, 'Enchanted Woods', 'Mystical Realm', 'Magical Forest', 10),
(11, 'Dwarven Mines', 'Underground Network', 'Caves', 17),
(12, 'Goblin Territory', 'Outlands', 'Swamp', 11);
;
INSERT INTO Quest (IdQuest, Quest_Description, Gold_Reward, Xp_Reward, IdWorld) VALUES
(1, 'Protect the Emerald Forest from the Darkling Invasion', 300, 600, 1),
(2, 'Retrieve the Crystal Artefact from the Depths of Crystal Lake', 400, 800, 2),
(3, 'Conquer the Shadowy Beasts lurking in the Shadow Mountains', 500, 1000, 3),
(4, 'Find the Lost Oasis in the Mystic Desert', 250, 500, 4),
(5, 'Survive the Frigid Challenges of the Frozen Wasteland', 450, 900, 5),
(6, 'Discover the Sunken Mysteries of the Sunken City', 350, 700, 6),
(7, 'Ascend to the Sky Isles and Uncover the Celestial Secrets', 600, 1200, 7),
(8, 'Navigate the Treacherous Volcanic Fields and Forge a Legendary Weapon', 700, 1400, 8),
(9, 'Explore the Ancient Ruins to Reveal Forgotten Truths', 300, 600, 9),
(10, 'Guard the Enchanted Woods against the Dark Forces', 400, 800, 10),
(11, 'Delve into the Dwarven Mines to Recover the Lost Relic', 450, 900, 11),
(12, 'Drive the Goblins out of their Territory and Secure the Lands', 350, 700, 12),
(13, 'Protect the Enchanted Crystal in the Enchanted Woods', 380, 760, 10),
(14, 'Unravel the Secrets of the Cursed Tomb in the Ancient Ruins', 420, 840, 9),
(15, 'Defeat the Ice Dragon in the Frozen Wasteland', 550, 1100, 5),
(16, 'Rescue the Sunken Treasures from the Pirates in the Sunken City', 420, 840, 6),
(17, 'Retrieve the Lost Artifact from the Sky Isles', 650, 1300, 7),
(18, 'Survive the Eruptions and Discover the Hidden Treasure in the Volcanic Fields', 720, 1440, 8),
(19, 'Uncover the Underworld Secrets in the Shadow Mountains', 480, 960, 3),
(20, 'Seek the Legendary Dwarven Armor in the Dwarven Mines', 500, 1000, 11),
(21, 'Slay the Hydra and Gain its Mighty Scales in the Crystal Lake', 600, 1200, 2),
(22, 'Recover the Lost Tome from the Dark Wizard in the Goblin Territory', 400, 800, 12),
(23, 'Discover the Source of the Ancient Magic in the Mystic Desert', 380, 760, 4),
(24, 'Unlock the Forgotten Druidic Secrets in the Enchanted Woods', 480, 960, 10);
INSERT INTO Character_Quest (IdQuest, IdCharacter, Quest_Status) VALUES
(1, 1, 'IN PROGRESS'),
(2, 30, 'SUSPENDED'),
(3, 27, 'COMPLETED'),
(4, 16, 'SUSPENDED'),
(5, 10, 'IN PROGRESS'),
(6, 6, 'SUSPENDED'),
(7, 7, 'COMPLETED'),
(8, 27, 'IN PROGRESS'),
(9, 9, 'SUSPENDED'),
(10, 12, 'COMPLETED'),
(11, 11, 'IN PROGRESS'),
(12, 12, 'COMPLETED'),
(13, 13, 'IN PROGRESS'),
(14, 26, 'SUSPENDED'),
(15, 18, 'IN PROGRESS'),
(16, 16, 'IN PROGRESS'),
(17, 17, 'COMPLETED'),
(18, 15, 'IN PROGRESS'),
(19, 19, 'COMPLETED'),
(20, 2, 'COMPLETED'),
(21, 21, 'IN PROGRESS'),
(22, 29, 'SUSPENDED'),
(23, 23, 'COMPLETED'),
(24, 24, 'IN PROGRESS');

INSERT INTO Item (IdItem, Item_Name, Item_Description, Item_Value, IdInventory, IdQuest, IdType) VALUES
(1, 'Sword of Light', 'A legendary sword imbued with light magic.', 500, NULL, 1, 1),
(2, 'Shadow Dagger', 'A small dagger that thrives in darkness.', 300, NULL, 24, 2),
(3, 'Healing Potion', 'Restores 50 HP.', 50, 2, 3, 3),
(4, 'Mystic Robe', 'A robe that enhances magical abilities.', 450, 3, 4, 4),
(5, 'Fire Scroll', 'A scroll that casts a powerful fire spell.', 200, NULL, 23, 5),
(6, 'Dragon Armor', 'Armor made from dragon scales.', 800, NULL, NULL, 6),
(7, 'Silver Bow', 'A bow crafted from fine silver.', 350, NULL, 6, 7),
(8, 'Crystal Shield', 'A shield made from enchanted crystal.', 400, 5, 7, 8),
(9, 'Invisibility Cloak', 'A cloak that renders the wearer invisible.', 600, NULL, 7, 1),
(10, 'Thunder Axe', 'An axe that summons thunder.', 550, NULL, NULL, 2),
(11, 'Golden Apple', 'A rare apple that boosts health.', 250, NULL, 9, 3),
(12, 'Phoenix Feather', 'A feather from a mythical phoenix.', 300, 7, 10, 4),
(13, 'Wizard Staff', 'A staff used by powerful wizards.', 700, NULL, 10, 5),
(14, 'Vampire Fangs', 'Fangs that grant vampiric powers.', 450, 8, 11, 6),
(15, 'Elixir of Strength', 'Increases physical strength.', 150, NULL, 12, 7),
(16, 'Amulet of Time', 'An amulet that manipulates time.', 650, 9, 13, 8),
(17, 'Mermaids Tear', 'A mystical gem from the sea.', 350, NULL, NULL, 1),
(18, 'Goblin Sword', 'A crude sword made by goblins.', 100, 10, 14, 2),
(19, 'Rune Stone', 'A stone with ancient runes.', 200, NULL, 14, 3),
(20, 'Necromancers Skull', 'A skull that speaks to the dead.', 500, NULL, NULL, 4),
(21, 'Boots of Speed', 'Boots that increase movement speed.', 300, NULL, 15, 5),
(22, 'Orb of Destiny', 'An orb that reveals the future.', 450, NULL, NULL, 6),
(23, 'Witchs Brew', 'A potion with mysterious effects.', 100, NULL, 16, 7),
(24, 'Griffin Feather', 'A feather from a majestic griffin.', 250, NULL, NULL, 8),
(25, 'Bandits Mask', 'A mask often worn by bandits.', 50, NULL, 1, 1),
(26, 'Ice Wand', 'A wand that casts ice spells.', 400, 14, 2, 2),
(27, 'Horn of Valor', 'A horn that boosts morale.', 150, NULL, 2, 3),
(28, 'Lava Stone', 'A stone from the heart of a volcano.', 200, NULL, NULL, 4),
(29, 'Elf Bow', 'A finely crafted bow from elf artisans.', 350, NULL, 3, 5),
(30, 'Dwarven Hammer', 'A hammer forged by dwarves.', 500, 16, 4, 6),
(31, 'Potion of Luck', 'A potion that brings good fortune.', 100, NULL, 4, 7),
(32, 'Star Shard', 'A shard from a fallen star.', 450, 17, 5, 8),
(33, 'Moonstone', 'A gem that glows under moonlight.', 300, NULL, 15, 1),
(34, 'Sun Medallion', 'A medallion blessed by the sun.', 400, 18, 16, 2),
(35, 'Specters Chain', 'A chain that binds spirits.', 350, NULL, 6, 3),
(36, 'Troll Club', 'A heavy club used by trolls.', 150, 19, 20, 4),
(37, 'Spirit Essence', 'Essence containing spiritual energy.', 200, NULL,NULL, 5),
(38, 'Giants Belt', 'A belt that increases endurance.', 300, 20, 8, 6),
(39, 'Fairy Dust', 'Dust with magical healing properties.', 250, NULL, 8, 7),
(40, 'Cursed Ruby', 'A ruby that is said to be cursed.', 500, 21, 19, 8),
(41, 'Ghouls Eye', 'An eye that sees into the underworld.', 200, NULL, 9, 1),
(42, 'Sirens Song', 'A melody that enchants listeners.', 300, 22, 10, 2),
(43, 'Wraith Cloak', 'A cloak that whispers secrets of the dead.', 350, NULL, 10, 3),
(44, 'Elemental Globe', 'A globe containing elemental powers.', 400, NULL, NULL, 4),
(45, 'Sphinx Riddle', 'An unsolved riddle from a sphinx.', 250, NULL, 11, 5),
(46, 'Warriors Gauntlet', 'A gauntlet that enhances combat skills.', 300, 24, 12, 6),
(47, 'Seers Crystal', 'A crystal used for divination.', 150, NULL, 12, 7),
(48, 'Demonic Pact', 'A dangerous pact with dark powers.', 500, NULL, NULL, 8),
(49, 'Angels Feather', 'A feather granting divine protection.', 350, NULL, 13, 1),
(50, 'Charm of Myths', 'A charm holding ancient myths.', 400, 26, 14, 2);

INSERT INTO shield (IdItem, Shield_Block) 
VALUES
(8, 15),
(27, 30),
(34, 25),
(38, 25),
(41, 5),
(44, 10), 
(50, 50);

INSERT INTO weapon (IdItem, Damage, Damage_Type) 
VALUES
(1, 15, 'slashing light'),
(2, 10, 'slashing shadow'),
(5, 45, 'magical fire'),
(7, 25, 'piercing silver'),
(10, 15, 'slashing thunder'),
(13, 35, 'magical elemental'),
(14, 20, 'magical blood'),
(16, 5, 'magical chronic'),
(18, 20, 'slashing shadow'),
(20, 5, 'slashing shadow'),
(25, 25, 'magical ice'),
(28, 30, 'magical fire'),
(29, 15, 'slashing nature'),
(30, 25, 'blunt light'),
(32, 50, 'magical elemental'),
(36, 30, 'blunt shadow'),
(42, 15, 'magical oceanic'),
(47, 55, 'magical chronic');

INSERT INTO potion (IdItem, Effect) 
VALUES
(3, 'heals 50 hp'),
(11, 'temporary boosts hp by 25%'),
(12, 'makes all your damage deal fire damage as well'),
(15, '50% strength boost'),
(17, 'temporary ability to swim'),
(23, 'random effect'),
(31, 'all stats 15% increase for 2 minutes'),
(39, 'heals full hp'),
(45, 'randomizes stats for 30 seconds'),
(46, 'all stats 50% boost for 15 seconds'),
(48, 'all damage is also demonic for 25 seconds, at the cost of 25 hp');

INSERT INTO armor (IdItem, Protection) 
VALUES
(4, 20),
(6, 5),
(9, 10),
(19, 5),
(21, 25),
(22, 30),
(24, 15),
(25, 40),
(33, 30),
(35, 8),
(37, 30),
(40, 25),
(43, 20),
(49, 50);
INSERT INTO Aggressive (IdAggressive, Damage, Xp_Drop) VALUES
(1, 20, 50), 
(2, 30, 70), 
(3, 25, 60), 
(4, 35, 80), 
(5, 22, 55), 
(6, 28, 65), 
(7, 33, 75), 
(8, 40, 90), 
(9, 26, 63),
(10, 28, 65), 
(11, 32, 75), 
(12, 34, 80); 
INSERT INTO Passive (IdPassive, Interactable) VALUES
(1, 0),
(2, 1),
(3, 0),
(4, 1),
(5, 1),
(6, 1),
(7, 0),
(8, 1),
(9, 1),
(10,0),
(11,1),
(12,1);
INSERT INTO Npc (IdNpc, Hp, Npc_Name,IdAggressive,IdPassive,IdWorld) VALUES
(1, 100, 'Emerald Zombie', 1, NULL, 1), 
(2, 120, 'Forest Citizen', NULL, 3, 1),
(3, 300, 'Hydra Boss', 2, NULL, 2),
(4, 105, 'Aquatic Merchant', NULL, 2, 2),
(5, 115, 'Shadow Bandits', 9,NULL , 3),
(6, 125, 'God Healer', NULL, 4, 3),
(7, 1050, 'Desert Whale', 7, NULL, 4),
(8, 100, 'Desert Villagers', NULL, 7, 4),
(9, 95, 'Frozen Skeletons', 5, NULL, 5),
(10, 90, 'Cold Minks', NULL, 1, 5),
(11, 105, 'Fallen Spiders', 8, NULL, 6),
(12, 115, 'Sunken Healer', NULL, 9, 6),
(13, 110, 'Sky Bandits', 4, NULL, 7),
(14, 120, 'Sky Merchant', NULL, 5, 7),
(15, 1250, 'Lava Golem', 6, NULL, 8),
(16, 115, 'Hot Merchant', NULL, 6, 8),
(17, 100, 'Ancient Bandits', 3, NULL, 9),
(18, 105, 'Old Healer', NULL, 8, 9),
(19, 110, 'Wood Bandits', 10, NULL, 10),
(20, 120, 'Wood Villagers', NULL, 10, 10),
(21, 130, 'Cave Spider', 11, NULL, 11),
(22, 135, 'Mine Merchant', NULL, 11, 11),
(23, 1400, 'Goblin Boss', 12, NULL, 12),
(24, 145, 'Goblin Healer', NULL, 12, 12);

INSERT INTO boss (IdBoss, Weakness, Ability,IdAggressive) VALUES
(1,'Fire','Water Jet',2),
(2,'Water','Sandstorm',7),
(3,'Ice','Meteor',6),
(4,'Light','Dark Stabb',12);

INSERT INTO bandit (IdBandit, Gold_Drop,IdAggressive) VALUES
(1,50,9),
(2,70,4),
(3,63,3),
(4,96,10);

INSERT INTO monster (IdMonster, Weakness,IdAggressive) VALUES
(1,'Light',1),
(2,'Fire',5),
(3,'Ice',8),
(4,'Water',11);
INSERT INTO villager (IdVillager,IdPassive) VALUES
(1,1),
(2,3),
(3,7),
(4,10);
INSERT INTO healer (IdHealer, Heal,IdPassive) VALUES
(1,50,4),
(2,100,9),
(3,80,8),
(4,150,12);
INSERT INTO merchant (IdMerchant,Store,IdPassive) VALUES
(1,'Aquatic Shop',2),
(2,'Sky Shop',5),
(3,'Lava Shop',6),
(4,'Cave Shop',11);
INSERT INTO merchant_item (IdItem,IdMerchant) VALUES
(17,1),
(6,2),
(22,2),
(37,2),
(20,3),
(28,3),
(4,4),
(10,4),
(44,4),
(48,4);

